,color,director_name,num_critic_for_reviews,duration,actor_2_name,gross,genres,actor_1_name,movie_title,num_voted_users,cast_total_facebook_likes,actor_3_name,plot_keywords,movie_imdb_link,language,country,content_rating,budget,title_year,imdb_score,aspect_ratio
0,Color,James Cameron,723.0,178.0,Joel David Moore,760505847.0,Action|Adventure|Fantasy|Sci-Fi,CCH Pounder,Avatar ,886204,4834,Wes Studi,avatar|future|marine|native|paraplegic,http://www.imdb.com/title/tt0499549/?ref_=fn_tt_tt_1,English,USA,PG-13,237000000.0,2009.0,7.9,1.78
1,Color,Gore Verbinski,302.0,169.0,Orlando Bloom,309404152.0,Action|Adventure|Fantasy,Johnny Depp,Pirates of the Caribbean: At World's End ,471220,48350,Jack Davenport,goddess|marriage ceremony|marriage proposal|pirate|singapore,http://www.imdb.com/title/tt0449088/?ref_=fn_tt_tt_1,English,USA,PG-13,300000000.0,2007.0,7.1,2.35
2,Color,Sam Mendes,602.0,148.0,Rory Kinnear,200074175.0,Action|Adventure|Thriller,Christoph Waltz,Spectre ,275868,11700,Stephanie Sigman,bomb|espionage|sequel|spy|terrorist,http://www.imdb.com/title/tt2379713/?ref_=fn_tt_tt_1,English,UK,PG-13,245000000.0,2015.0,6.8,2.35
3,Color,Christopher Nolan,813.0,164.0,Christian Bale,448130642.0,Action|Thriller,Tom Hardy,The Dark Knight Rises ,1144337,106759,Joseph Gordon-Levitt,deception|imprisonment|lawlessness|police officer|terrorist plot,http://www.imdb.com/title/tt1345836/?ref_=fn_tt_tt_1,English,USA,PG-13,250000000.0,2012.0,8.5,2.35
4,,Doug Walker,,,Rob Walker,,Documentary,Doug Walker,Star Wars: Episode VII - The Force Awakens             ,8,143,,,http://www.imdb.com/title/tt5289954/?ref_=fn_tt_tt_1,,,,,,7.1,
5,Color,Andrew Stanton,462.0,132.0,Samantha Morton,73058679.0,Action|Adventure|Sci-Fi,Daryl Sabara,John Carter ,212204,1873,Polly Walker,alien|american civil war|male nipple|mars|princess,http://www.imdb.com/title/tt0401729/?ref_=fn_tt_tt_1,English,USA,PG-13,263700000.0,2012.0,6.6,2.35
6,Color,Sam Raimi,392.0,156.0,James Franco,336530303.0,Action|Adventure|Romance,J.K. Simmons,Spider-Man 3 ,383056,46055,Kirsten Dunst,sandman|spider man|symbiote|venom|villain,http://www.imdb.com/title/tt0413300/?ref_=fn_tt_tt_1,English,USA,PG-13,258000000.0,2007.0,6.2,2.35
7,Color,Nathan Greno,324.0,100.0,Donna Murphy,200807262.0,Adventure|Animation|Comedy|Family|Fantasy|Musical|Romance,Brad Garrett,Tangled ,294810,2036,M.C. Gainey,17th century|based on fairy tale|disney|flower|tower,http://www.imdb.com/title/tt0398286/?ref_=fn_tt_tt_1,English,USA,PG,260000000.0,2010.0,7.8,1.85
8,Color,Joss Whedon,635.0,141.0,Robert Downey Jr.,458991599.0,Action|Adventure|Sci-Fi,Chris Hemsworth,Avengers: Age of Ultron ,462669,92000,Scarlett Johansson,artificial intelligence|based on comic book|captain america|marvel cinematic universe|superhero,http://www.imdb.com/title/tt2395427/?ref_=fn_tt_tt_1,English,USA,PG-13,250000000.0,2015.0,7.5,2.35
9,Color,David Yates,375.0,153.0,Daniel Radcliffe,301956980.0,Adventure|Family|Fantasy|Mystery,Alan Rickman,Harry Potter and the Half-Blood Prince ,321795,58753,Rupert Grint,blood|book|love|potion|professor,http://www.imdb.com/title/tt0417741/?ref_=fn_tt_tt_1,English,UK,PG,250000000.0,2009.0,7.5,2.35
10,Color,Zack Snyder,673.0,183.0,Lauren Cohan,330249062.0,Action|Adventure|Sci-Fi,Henry Cavill,Batman v Superman: Dawn of Justice ,371639,24450,Alan D. Purwin,based on comic book|batman|sequel to a reboot|superhero|superman,http://www.imdb.com/title/tt2975590/?ref_=fn_tt_tt_1,English,USA,PG-13,250000000.0,2016.0,6.9,2.35
11,Color,Bryan Singer,434.0,169.0,Marlon Brando,200069408.0,Action|Adventure|Sci-Fi,Kevin Spacey,Superman Returns ,240396,29991,Frank Langella,crystal|epic|lex luthor|lois lane|return to earth,http://www.imdb.com/title/tt0348150/?ref_=fn_tt_tt_1,English,USA,PG-13,209000000.0,2006.0,6.1,2.35
12,Color,Marc Forster,403.0,106.0,Mathieu Amalric,168368427.0,Action|Adventure,Giancarlo Giannini,Quantum of Solace ,330784,2023,Rory Kinnear,action hero|attempted rape|bond girl|official james bond series|revenge,http://www.imdb.com/title/tt0830515/?ref_=fn_tt_tt_1,English,UK,PG-13,200000000.0,2008.0,6.7,2.35
13,Color,Gore Verbinski,313.0,151.0,Orlando Bloom,423032628.0,Action|Adventure|Fantasy,Johnny Depp,Pirates of the Caribbean: Dead Man's Chest ,522040,48486,Jack Davenport,box office hit|giant squid|heart|liar's dice|monster,http://www.imdb.com/title/tt0383574/?ref_=fn_tt_tt_1,English,USA,PG-13,225000000.0,2006.0,7.3,2.35
14,Color,Gore Verbinski,450.0,150.0,Ruth Wilson,89289910.0,Action|Adventure|Western,Johnny Depp,The Lone Ranger ,181792,45757,Tom Wilkinson,horse|outlaw|texas|texas ranger|train,http://www.imdb.com/title/tt1210819/?ref_=fn_tt_tt_1,English,USA,PG-13,215000000.0,2013.0,6.5,2.35
15,Color,Zack Snyder,733.0,143.0,Christopher Meloni,291021565.0,Action|Adventure|Fantasy|Sci-Fi,Henry Cavill,Man of Steel ,548573,20495,Harry Lennix,based on comic book|british actor playing american character|final battle|origin of hero|reboot,http://www.imdb.com/title/tt0770828/?ref_=fn_tt_tt_1,English,USA,PG-13,225000000.0,2013.0,7.2,2.35
16,Color,Andrew Adamson,258.0,150.0,Pierfrancesco Favino,141614023.0,Action|Adventure|Family|Fantasy,Peter Dinklage,The Chronicles of Narnia: Prince Caspian ,149922,22697,Damián Alcázar,brother brother relationship|brother sister relationship|good versus evil|king|narnia,http://www.imdb.com/title/tt0499448/?ref_=fn_tt_tt_1,English,USA,PG,225000000.0,2008.0,6.6,2.35
17,Color,Joss Whedon,703.0,173.0,Robert Downey Jr.,623279547.0,Action|Adventure|Sci-Fi,Chris Hemsworth,The Avengers ,995415,87697,Scarlett Johansson,alien invasion|assassin|battle|iron man|soldier,http://www.imdb.com/title/tt0848228/?ref_=fn_tt_tt_1,English,USA,PG-13,220000000.0,2012.0,8.1,1.85
18,Color,Rob Marshall,448.0,136.0,Sam Claflin,241063875.0,Action|Adventure|Fantasy,Johnny Depp,Pirates of the Caribbean: On Stranger Tides ,370704,54083,Stephen Graham,blackbeard|captain|pirate|revenge|soldier,http://www.imdb.com/title/tt1298650/?ref_=fn_tt_tt_1,English,USA,PG-13,250000000.0,2011.0,6.7,2.35
19,Color,Barry Sonnenfeld,451.0,106.0,Michael Stuhlbarg,179020854.0,Action|Adventure|Comedy|Family|Fantasy|Sci-Fi,Will Smith,Men in Black 3 ,268154,12572,Nicole Scherzinger,alien|criminal|m.i.b.|maximum security prison|prison,http://www.imdb.com/title/tt1409024/?ref_=fn_tt_tt_1,English,USA,PG-13,225000000.0,2012.0,6.8,1.85
20,Color,Peter Jackson,422.0,164.0,Adam Brown,255108370.0,Adventure|Fantasy,Aidan Turner,The Hobbit: The Battle of the Five Armies ,354228,9152,James Nesbitt,army|elf|hobbit|middle earth|orc,http://www.imdb.com/title/tt2310332/?ref_=fn_tt_tt_1,English,New Zealand,PG-13,250000000.0,2014.0,7.5,2.35
21,Color,Marc Webb,599.0,153.0,Andrew Garfield,262030663.0,Action|Adventure|Fantasy,Emma Stone,The Amazing Spider-Man ,451803,28489,Chris Zylka,lizard|outcast|spider|spider man|teenager,http://www.imdb.com/title/tt0948470/?ref_=fn_tt_tt_1,English,USA,PG-13,230000000.0,2012.0,7.0,2.35
22,Color,Ridley Scott,343.0,156.0,William Hurt,105219735.0,Action|Adventure|Drama|History,Mark Addy,Robin Hood ,211765,3244,Scott Grimes,1190s|archer|england|king of england|robin hood,http://www.imdb.com/title/tt0955308/?ref_=fn_tt_tt_1,English,USA,PG-13,200000000.0,2010.0,6.7,2.35
23,Color,Peter Jackson,509.0,186.0,Adam Brown,258355354.0,Adventure|Fantasy,Aidan Turner,The Hobbit: The Desolation of Smaug ,483540,9152,James Nesbitt,dwarf|elf|lake town|mountain|sword and sorcery,http://www.imdb.com/title/tt1170358/?ref_=fn_tt_tt_1,English,USA,PG-13,225000000.0,2013.0,7.9,2.35
24,Color,Chris Weitz,251.0,113.0,Eva Green,70083519.0,Adventure|Family|Fantasy,Christopher Lee,The Golden Compass ,149019,24106,Kristin Scott Thomas,children|epic|friend|girl|quest,http://www.imdb.com/title/tt0385752/?ref_=fn_tt_tt_1,English,USA,PG-13,180000000.0,2007.0,6.1,2.35
25,Color,Peter Jackson,446.0,201.0,Thomas Kretschmann,218051260.0,Action|Adventure|Drama|Romance,Naomi Watts,King Kong ,316018,7123,Evan Parke,animal name in title|ape abducts a woman|gorilla|island|king kong,http://www.imdb.com/title/tt0360717/?ref_=fn_tt_tt_1,English,New Zealand,PG-13,207000000.0,2005.0,7.2,2.35
26,Color,James Cameron,315.0,194.0,Kate Winslet,658672302.0,Drama|Romance,Leonardo DiCaprio,Titanic ,793059,45223,Gloria Stuart,artist|love|ship|titanic|wet,http://www.imdb.com/title/tt0120338/?ref_=fn_tt_tt_1,English,USA,PG-13,200000000.0,1997.0,7.7,2.35
27,Color,Anthony Russo,516.0,147.0,Scarlett Johansson,407197282.0,Action|Adventure|Sci-Fi,Robert Downey Jr.,Captain America: Civil War ,272670,64798,Chris Evans,based on comic book|knife|marvel cinematic universe|returning character killed off|superhero,http://www.imdb.com/title/tt3498820/?ref_=fn_tt_tt_1,English,USA,PG-13,250000000.0,2016.0,8.2,2.35
28,Color,Peter Berg,377.0,131.0,Alexander Skarsgård,65173160.0,Action|Adventure|Sci-Fi|Thriller,Liam Neeson,Battleship ,202382,26679,Tadanobu Asano,box office flop|hawaii|naval|oahu hawaii|ship,http://www.imdb.com/title/tt1440129/?ref_=fn_tt_tt_1,English,USA,PG-13,209000000.0,2012.0,5.9,2.35
29,Color,Colin Trevorrow,644.0,124.0,Judy Greer,652177271.0,Action|Adventure|Sci-Fi|Thriller,Bryce Dallas Howard,Jurassic World ,418214,8458,Omar Sy,dinosaur|disaster film|experiment gone wrong|jurassic park|velociraptor,http://www.imdb.com/title/tt0369610/?ref_=fn_tt_tt_1,English,USA,PG-13,150000000.0,2015.0,7.0,2.0
30,Color,Sam Mendes,750.0,143.0,Helen McCrory,304360277.0,Action|Adventure|Thriller,Albert Finney,Skyfall ,522030,2039,Rory Kinnear,brawl|childhood home|computer cracker|intelligence agency|terrorist cell,http://www.imdb.com/title/tt1074638/?ref_=fn_tt_tt_1,English,UK,PG-13,200000000.0,2012.0,7.8,2.35
31,Color,Sam Raimi,300.0,135.0,James Franco,373377893.0,Action|Adventure|Fantasy|Romance,J.K. Simmons,Spider-Man 2 ,411164,43388,Kirsten Dunst,death|doctor|scientist|super villain|tentacle,http://www.imdb.com/title/tt0316654/?ref_=fn_tt_tt_1,English,USA,PG-13,200000000.0,2004.0,7.3,2.35
32,Color,Shane Black,608.0,195.0,Jon Favreau,408992272.0,Action|Adventure|Sci-Fi,Robert Downey Jr.,Iron Man 3 ,557489,30426,Don Cheadle,armor|explosion|human bomb|missile attack|terrorist,http://www.imdb.com/title/tt1300854/?ref_=fn_tt_tt_1,English,USA,PG-13,200000000.0,2013.0,7.2,2.35
33,Color,Tim Burton,451.0,108.0,Alan Rickman,334185206.0,Adventure|Family|Fantasy,Johnny Depp,Alice in Wonderland ,306320,79957,Anne Hathaway,alice in wonderland|mistaking reality for dream|queen|shrinking|shrinking potion,http://www.imdb.com/title/tt1014759/?ref_=fn_tt_tt_1,English,USA,PG,200000000.0,2010.0,6.5,1.85
34,Color,Brett Ratner,334.0,104.0,Kelsey Grammer,234360014.0,Action|Adventure|Fantasy|Sci-Fi|Thriller,Hugh Jackman,X-Men: The Last Stand ,383427,21714,Daniel Cudmore,battle|mutant|outrage|walking through a wall|x men,http://www.imdb.com/title/tt0376994/?ref_=fn_tt_tt_1,English,Canada,PG-13,210000000.0,2006.0,6.8,2.35
35,Color,Dan Scanlon,376.0,104.0,Tyler Labine,268488329.0,Adventure|Animation|Comedy|Family|Fantasy,Steve Buscemi,Monsters University ,235025,14863,Sean Hayes,cheating|fraternity|monster|singing in a car|university,http://www.imdb.com/title/tt1453405/?ref_=fn_tt_tt_1,English,USA,G,200000000.0,2013.0,7.3,1.85
36,Color,Michael Bay,366.0,150.0,Kevin Dunn,402076689.0,Action|Adventure|Sci-Fi,Glenn Morshower,Transformers: Revenge of the Fallen ,323207,3218,Ramon Rodriguez,autobot|decepticon|machine|sun|symbol,http://www.imdb.com/title/tt1055369/?ref_=fn_tt_tt_1,English,USA,PG-13,200000000.0,2009.0,6.0,2.35
37,Color,Michael Bay,378.0,165.0,Sophia Myles,245428137.0,Action|Adventure|Sci-Fi,Bingbing Li,Transformers: Age of Extinction ,242420,3988,Kelsey Grammer,blockbuster|bumblebee the character|semi truck and trailer|texas|truck,http://www.imdb.com/title/tt2109248/?ref_=fn_tt_tt_1,English,USA,PG-13,210000000.0,2014.0,5.7,2.35
38,Color,Sam Raimi,525.0,130.0,Mila Kunis,234903076.0,Adventure|Family|Fantasy,Tim Holmes,Oz the Great and Powerful ,175409,73441,James Franco,circus|magic|magician|oz|witch,http://www.imdb.com/title/tt1623205/?ref_=fn_tt_tt_1,English,USA,PG,215000000.0,2013.0,6.4,2.35
39,Color,Marc Webb,495.0,142.0,Andrew Garfield,202853933.0,Action|Adventure|Fantasy|Sci-Fi,Emma Stone,The Amazing Spider-Man 2 ,321227,28631,B.J. Novak,costumed hero|death of girlfriend|masked vigilante|returning character killed off|teenager,http://www.imdb.com/title/tt1872181/?ref_=fn_tt_tt_1,English,USA,PG-13,200000000.0,2014.0,6.7,2.35
40,Color,Joseph Kosinski,469.0,125.0,Olivia Wilde,172051787.0,Action|Adventure|Sci-Fi,Jeff Bridges,TRON: Legacy ,264183,25550,James Frain,arcade|bridge|disappearance|escape|warrior,http://www.imdb.com/title/tt1104001/?ref_=fn_tt_tt_1,English,USA,PG,170000000.0,2010.0,6.8,2.35
41,Color,John Lasseter,304.0,106.0,Thomas Kretschmann,191450875.0,Adventure|Animation|Comedy|Family|Sport,Joe Mantegna,Cars 2 ,101178,4482,Eddie Izzard,best friend|car race|conspiracy|gadget car|spy,http://www.imdb.com/title/tt1216475/?ref_=fn_tt_tt_1,English,USA,G,200000000.0,2011.0,6.3,2.35
42,Color,Martin Campbell,436.0,123.0,Temuera Morrison,116593191.0,Action|Adventure|Sci-Fi,Ryan Reynolds,Green Lantern ,223393,17657,Taika Waititi,autopsy|lantern|planet|ring|test pilot,http://www.imdb.com/title/tt1133985/?ref_=fn_tt_tt_1,English,USA,PG-13,200000000.0,2011.0,5.6,2.35
43,Color,Lee Unkrich,453.0,103.0,John Ratzenberger,414984497.0,Adventure|Animation|Comedy|Family|Fantasy,Tom Hanks,Toy Story 3 ,544884,19085,Don Rickles,college|day care|escape|teddy bear|toy,http://www.imdb.com/title/tt0435761/?ref_=fn_tt_tt_1,English,USA,G,200000000.0,2010.0,8.3,1.85
44,Color,McG,422.0,118.0,Bryce Dallas Howard,125320003.0,Action|Adventure|Sci-Fi,Christian Bale,Terminator Salvation ,286095,27468,Common,death row|future|machine|rescue|skynet,http://www.imdb.com/title/tt0438488/?ref_=fn_tt_tt_1,English,USA,PG-13,200000000.0,2009.0,6.6,2.35
45,Color,James Wan,424.0,140.0,Paul Walker,350034110.0,Action|Crime|Thriller,Jason Statham,Furious 7 ,278232,79150,Vin Diesel,car falling off a cliff|hospital|revenge|star died before release|terrorist,http://www.imdb.com/title/tt2820852/?ref_=fn_tt_tt_1,English,USA,PG-13,190000000.0,2015.0,7.2,2.35
46,Color,Marc Forster,654.0,123.0,Brad Pitt,202351611.0,Action|Adventure|Horror|Sci-Fi|Thriller,Peter Capaldi,World War Z ,465019,32392,Mireille Enos,chaos|disease|infection|pandemic|zombie,http://www.imdb.com/title/tt0816711/?ref_=fn_tt_tt_1,English,USA,PG-13,190000000.0,2013.0,7.0,2.35
47,Color,Bryan Singer,539.0,149.0,Peter Dinklage,233914986.0,Action|Adventure|Fantasy|Sci-Fi|Thriller,Jennifer Lawrence,X-Men: Days of Future Past ,514125,91434,Hugh Jackman,dystopia|super strength|supernatural power|time paradox|time travel,http://www.imdb.com/title/tt1877832/?ref_=fn_tt_tt_1,English,USA,PG-13,200000000.0,2014.0,8.0,2.35
48,Color,J.J. Abrams,590.0,132.0,Bruce Greenwood,228756232.0,Action|Adventure|Sci-Fi,Benedict Cumberbatch,Star Trek Into Darkness ,395573,21411,Noel Clarke,admiral|captain|manhunt|mission|space,http://www.imdb.com/title/tt1408101/?ref_=fn_tt_tt_1,English,USA,PG-13,190000000.0,2013.0,7.8,2.35
49,Color,Bryan Singer,338.0,114.0,Ewen Bremner,65171860.0,Adventure|Fantasy,Eddie Marsan,Jack the Giant Slayer ,106416,1766,Ralph Brown,bean|giant|king|no opening credits|princess,http://www.imdb.com/title/tt1351685/?ref_=fn_tt_tt_1,English,USA,PG-13,195000000.0,2013.0,6.3,2.35
50,Color,Baz Luhrmann,490.0,143.0,Elizabeth Debicki,144812796.0,Drama|Romance,Leonardo DiCaprio,The Great Gatsby ,362912,29770,Steve Bisley,ingratitude|mansion|party|title appears in writing|tragedy,http://www.imdb.com/title/tt1343092/?ref_=fn_tt_tt_1,English,Australia,PG-13,105000000.0,2013.0,7.3,2.35
51,Color,Mike Newell,306.0,116.0,Richard Coyle,90755643.0,Action|Adventure|Fantasy|Romance,Jake Gyllenhaal,Prince of Persia: The Sands of Time ,222403,16149,Reece Ritchie,alamut|dagger|king|persia|princess,http://www.imdb.com/title/tt0473075/?ref_=fn_tt_tt_1,English,USA,PG-13,200000000.0,2010.0,6.6,2.35
52,Color,Guillermo del Toro,575.0,131.0,Clifton Collins Jr.,101785482.0,Action|Adventure|Sci-Fi,Charlie Hunnam,Pacific Rim ,381148,19166,Larry Joe Campbell,giant monster|kaiju|pilot|portal|robot,http://www.imdb.com/title/tt1663662/?ref_=fn_tt_tt_1,English,USA,PG-13,190000000.0,2013.0,7.0,1.85
53,Color,Michael Bay,428.0,154.0,Lester Speight,352358779.0,Action|Adventure|Sci-Fi,Glenn Morshower,Transformers: Dark of the Moon ,326180,2593,Kevin Dunn,autobot|decepticon|job interview|moon|spacecraft,http://www.imdb.com/title/tt1399103/?ref_=fn_tt_tt_1,English,USA,PG-13,195000000.0,2011.0,6.3,2.35
54,Color,Steven Spielberg,470.0,122.0,Ray Winstone,317011114.0,Action|Adventure|Fantasy,Harrison Ford,Indiana Jones and the Kingdom of the Crystal Skull ,333847,14959,Jim Broadbent,cult figure|femme fatale|indiana jones|unsubtitled foreign language|year 1957,http://www.imdb.com/title/tt0367882/?ref_=fn_tt_tt_1,English,USA,PG-13,185000000.0,2008.0,6.2,2.35
55,Color,Peter Sohn,298.0,93.0,Jack McGraw,123070338.0,Adventure|Animation|Comedy|Family|Fantasy,A.J. Buckley,The Good Dinosaur ,62836,696,Peter Sohn,apatosaurus|asteroid|dinosaur|fear|river,http://www.imdb.com/title/tt1979388/?ref_=fn_tt_tt_1,English,USA,PG,,2015.0,6.8,2.35
56,Color,Mark Andrews,488.0,93.0,John Ratzenberger,237282182.0,Adventure|Animation|Comedy|Family|Fantasy,Kelly Macdonald,Brave ,273556,5005,Julie Walters,archery|coming of age|female warrior|princess|rebellious daughter,http://www.imdb.com/title/tt1217209/?ref_=fn_tt_tt_1,English,USA,PG,185000000.0,2012.0,7.2,2.35
57,Color,Justin Lin,322.0,122.0,Melissa Roxburgh,130468626.0,Action|Adventure|Sci-Fi|Thriller,Sofia Boutella,Star Trek Beyond ,53607,1327,Lydia Wilson,hatred|sequel|space opera|star trek|third part,http://www.imdb.com/title/tt2660888/?ref_=fn_tt_tt_1,English,USA,PG-13,185000000.0,2016.0,7.5,2.35
58,Color,Andrew Stanton,421.0,98.0,Fred Willard,223806889.0,Adventure|Animation|Family|Sci-Fi,John Ratzenberger,WALL·E ,718837,2975,Jeff Garlin,earth|obesity|plant|robot|soil,http://www.imdb.com/title/tt0910970/?ref_=fn_tt_tt_1,English,USA,G,180000000.0,2008.0,8.4,2.35
59,Color,Brett Ratner,162.0,91.0,Dana Ivey,140080850.0,Action|Comedy|Crime|Thriller,Tzi Ma,Rush Hour 3 ,121084,1125,Noémie Lenoir,ambassador|assassination|chinese|french|triad,http://www.imdb.com/title/tt0293564/?ref_=fn_tt_tt_1,English,USA,PG-13,140000000.0,2007.0,6.2,2.35
60,Color,Roland Emmerich,367.0,158.0,Liam James,166112167.0,Action|Adventure|Sci-Fi,Oliver Platt,2012 ,283418,2144,Tom McCarthy,ark|catastrophe|geologist|president|writer,http://www.imdb.com/title/tt1190080/?ref_=fn_tt_tt_1,English,USA,PG-13,200000000.0,2009.0,5.8,2.35
61,Color,Robert Zemeckis,240.0,96.0,Colin Firth,137850096.0,Animation|Drama|Family|Fantasy,Robin Wright,A Christmas Carol ,72809,48878,Gary Oldman,charles dickens|christmas|christmas eve|ghost|scrooge,http://www.imdb.com/title/tt1067106/?ref_=fn_tt_tt_1,English,USA,PG,200000000.0,2009.0,6.8,2.35
62,Color,Lana Wachowski,384.0,127.0,Mila Kunis,47375327.0,Action|Adventure|Sci-Fi,Channing Tatum,Jupiter Ascending ,139593,47334,Eddie Redmayne,box office flop|critically bashed|planet earth|space opera|woman in bra and panties,http://www.imdb.com/title/tt1617661/?ref_=fn_tt_tt_1,English,USA,PG-13,176000000.0,2015.0,5.4,2.35
63,Color,David Yates,248.0,110.0,Alexander Skarsgård,124051759.0,Action|Adventure|Drama|Romance,Christoph Waltz,The Legend of Tarzan ,42372,21175,Casper Crump,africa|capture|jungle|male objectification|tarzan,http://www.imdb.com/title/tt0918940/?ref_=fn_tt_tt_1,English,USA,PG-13,180000000.0,2016.0,6.6,2.35
64,Color,Andrew Adamson,284.0,150.0,Kiran Shah,291709845.0,Adventure|Family|Fantasy,Jim Broadbent,"The Chronicles of Narnia: The Lion, the Witch and the Wardrobe ",286506,1317,Shane Rangi,hide and seek|lion|magic|professor|snow,http://www.imdb.com/title/tt0363771/?ref_=fn_tt_tt_1,English,USA,PG,180000000.0,2005.0,6.9,2.35
65,Color,Bryan Singer,396.0,144.0,Michael Fassbender,154985087.0,Action|Adventure|Sci-Fi,Jennifer Lawrence,X-Men: Apocalypse ,148379,49684,Tye Sheridan,mutant|superhero|superhero team|x men|year 1983,http://www.imdb.com/title/tt3385516/?ref_=fn_tt_tt_1,English,USA,PG-13,178000000.0,2016.0,7.3,2.35
66,Color,Christopher Nolan,645.0,152.0,Heath Ledger,533316061.0,Action|Crime|Drama|Thriller,Christian Bale,The Dark Knight ,1676169,57802,Morgan Freeman,based on comic book|dc comics|psychopath|star died before release|urban setting,http://www.imdb.com/title/tt0468569/?ref_=fn_tt_tt_1,English,USA,PG-13,185000000.0,2008.0,9.0,2.35
67,Color,Pete Docter,408.0,96.0,Delroy Lindo,292979556.0,Adventure|Animation|Comedy|Family,John Ratzenberger,Up ,665575,2635,Jess Harnell,balloon|house|promise|retirement|skeleton,http://www.imdb.com/title/tt1049413/?ref_=fn_tt_tt_1,English,USA,PG,175000000.0,2009.0,8.3,1.85
68,Color,Rob Letterman,219.0,94.0,Rainn Wilson,198332128.0,Action|Adventure|Animation|Comedy|Family|Sci-Fi,Amy Poehler,Monsters vs. Aliens ,114553,2579,Stephen Colbert,alien|alien invasion|alien space craft|giant|giantess,http://www.imdb.com/title/tt0892782/?ref_=fn_tt_tt_1,English,USA,PG,175000000.0,2009.0,6.5,2.35
69,Color,Jon Favreau,486.0,126.0,Jeff Bridges,318298180.0,Action|Adventure|Sci-Fi,Robert Downey Jr.,Iron Man ,696338,39252,Jon Favreau,afghanistan|billionaire|inventor|playboy|u.s. air force,http://www.imdb.com/title/tt0371746/?ref_=fn_tt_tt_1,English,USA,PG-13,140000000.0,2008.0,7.9,2.35
70,Color,Martin Scorsese,682.0,126.0,Christopher Lee,73820094.0,Adventure|Drama|Family|Mystery,Chloë Grace Moretz,Hugo ,245333,36017,Ray Winstone,automaton|mechanical|railway station|steampunk|train,http://www.imdb.com/title/tt0970179/?ref_=fn_tt_tt_1,English,USA,PG,170000000.0,2011.0,7.5,1.85
71,Color,Barry Sonnenfeld,85.0,106.0,Salma Hayek,113745408.0,Action|Comedy|Sci-Fi|Western,Will Smith,Wild Wild West ,129601,15870,Bai Ling,buddy movie|general|inventor|steampunk|utah,http://www.imdb.com/title/tt0120891/?ref_=fn_tt_tt_1,English,USA,PG-13,170000000.0,1999.0,4.8,1.85
72,Color,Rob Cohen,264.0,112.0,Brendan Fraser,102176165.0,Action|Adventure|Fantasy|Horror|Thriller,Jet Li,The Mummy: Tomb of the Dragon Emperor ,117927,9131,Russell Wong,army|china|emperor|mummy|shangri la,http://www.imdb.com/title/tt0859163/?ref_=fn_tt_tt_1,English,USA,PG-13,145000000.0,2008.0,5.2,2.35
73,Color,David Ayer,418.0,123.0,Robin Atkin Downes,161087183.0,Action|Adventure|Comedy|Sci-Fi,Will Smith,Suicide Squad ,118992,11287,Ike Barinholtz,based on comic book|critically bashed|father daughter relationship|reference to superman|super villain,http://www.imdb.com/title/tt1386697/?ref_=fn_tt_tt_1,English,USA,PG-13,175000000.0,2016.0,6.9,2.35
74,Color,Tom Shadyac,186.0,96.0,Morgan Freeman,100289690.0,Comedy|Family|Fantasy,Jimmy Bennett,Evan Almighty ,115099,108016,Steve Carell,ark|change|congressman|depiction of god|flood,http://www.imdb.com/title/tt0413099/?ref_=fn_tt_tt_1,English,USA,PG,175000000.0,2007.0,5.4,2.35
75,Color,Doug Liman,585.0,113.0,Lara Pulver,100189501.0,Action|Adventure|Sci-Fi,Tom Cruise,Edge of Tomorrow ,431620,12652,Noah Taylor,alien|combat|dying repeatedly|end of the world|time loop,http://www.imdb.com/title/tt1631867/?ref_=fn_tt_tt_1,English,USA,PG-13,178000000.0,2014.0,7.9,2.35
76,Color,Kevin Reynolds,91.0,176.0,Rick Aviles,88246220.0,Action|Adventure|Sci-Fi|Thriller,Jeanne Tripplehorn,Waterworld ,144337,1004,Zakes Mokae,future|sail|sea|smoker|water,http://www.imdb.com/title/tt0114898/?ref_=fn_tt_tt_1,English,USA,PG-13,175000000.0,1995.0,6.1,1.85
77,Color,Stephen Sommers,250.0,118.0,Dennis Quaid,150167630.0,Action|Adventure|Sci-Fi|Thriller,Joseph Gordon-Levitt,G.I. Joe: The Rise of Cobra ,174578,26683,Leo Howard,cobra|gi joe|snake|train|warhead,http://www.imdb.com/title/tt1046173/?ref_=fn_tt_tt_1,English,USA,PG-13,175000000.0,2009.0,5.8,2.35
78,Color,Pete Docter,536.0,95.0,Mindy Kaling,356454367.0,Adventure|Animation|Comedy|Drama|Family|Fantasy,Amy Poehler,Inside Out ,345198,2944,Phyllis Smith,anger|joy|memory|running away|sadness,http://www.imdb.com/title/tt2096673/?ref_=fn_tt_tt_1,English,USA,PG,175000000.0,2015.0,8.3,1.85
79,Color,Jon Favreau,370.0,106.0,Bill Murray,362645141.0,Adventure|Drama|Family|Fantasy,Scarlett Johansson,The Jungle Book ,106072,32921,Garry Shandling,fire|jungle|remake|tiger|wolf,http://www.imdb.com/title/tt3040964/?ref_=fn_tt_tt_1,English,UK,PG,175000000.0,2016.0,7.8,1.85
80,Color,Jon Favreau,453.0,124.0,Scarlett Johansson,312057433.0,Action|Adventure|Sci-Fi,Robert Downey Jr.,Iron Man 2 ,522371,48638,Jon Favreau,hammer|military|monaco|revenge|tony stark,http://www.imdb.com/title/tt1228705/?ref_=fn_tt_tt_1,English,USA,PG-13,200000000.0,2010.0,7.0,2.35
81,Color,Rupert Sanders,416.0,132.0,Kristen Stewart,155111815.0,Action|Adventure|Drama|Fantasy,Chris Hemsworth,Snow White and the Huntsman ,228554,72881,Sam Claflin,evil queen|fairy tale|magic|queen|snow white,http://www.imdb.com/title/tt1735898/?ref_=fn_tt_tt_1,English,USA,PG-13,170000000.0,2012.0,6.1,2.35
82,Color,Robert Stromberg,401.0,97.0,Sharlto Copley,241407328.0,Action|Adventure|Family|Fantasy|Romance,Angelina Jolie Pitt,Maleficent ,252257,15516,Sam Riley,curse|dark fantasy|fairy|king|kingdom,http://www.imdb.com/title/tt1587310/?ref_=fn_tt_tt_1,English,USA,PG,180000000.0,2014.0,7.0,2.35
83,Color,Matt Reeves,521.0,130.0,Judy Greer,208543795.0,Action|Adventure|Drama|Sci-Fi,Gary Oldman,Dawn of the Planet of the Apes ,317542,14363,Kodi Smit-McPhee,ape|dam|leader|post apocalypse|sequel,http://www.imdb.com/title/tt2103281/?ref_=fn_tt_tt_1,English,USA,PG-13,170000000.0,2014.0,7.6,1.85
84,Color,Roland Joffé,10.0,109.0,Alice Englert,,Action|Adventure|Romance|Sci-Fi,Tamsin Egerton,The Lovers ,2138,1982,Bipasha Basu,1770s|british india|great barrier reef|india|ring,http://www.imdb.com/title/tt1321869/?ref_=fn_tt_tt_1,English,Belgium,R,,2015.0,4.5,
85,Color,Carl Rinsch,218.0,128.0,Cary-Hiroyuki Tagawa,38297305.0,Action|Adventure|Drama|Fantasy,Keanu Reeves,47 Ronin ,116994,20965,Jin Akanishi,box office flop|ronin|samurai|shogun|tournament,http://www.imdb.com/title/tt1335975/?ref_=fn_tt_tt_1,English,USA,PG-13,175000000.0,2013.0,6.3,2.35
86,Color,Anthony Russo,576.0,136.0,Chris Evans,259746958.0,Action|Adventure|Sci-Fi,Scarlett Johansson,Captain America: The Winter Soldier ,496749,36188,Hayley Atwell,conspiracy|heroism|megalomaniac|super soldier|world domination,http://www.imdb.com/title/tt1843866/?ref_=fn_tt_tt_1,English,USA,PG-13,170000000.0,2014.0,7.8,2.35
87,Color,Mike Mitchell,226.0,93.0,Kathy Griffin,238371987.0,Adventure|Animation|Comedy|Family|Fantasy,Jon Hamm,Shrek Forever After ,138661,4628,Mary Kay Place,alternate world|fairy tale parody|female warrior|ogre|true love,http://www.imdb.com/title/tt0892791/?ref_=fn_tt_tt_1,English,USA,PG,165000000.0,2010.0,6.4,2.35
88,Color,Brad Bird,443.0,130.0,Chris Bauer,93417865.0,Action|Adventure|Family|Mystery|Sci-Fi,Judy Greer,Tomorrowland ,128306,5046,Thomas Robinson,boy genius|futuristic city|inventor|teenage girl|time travel,http://www.imdb.com/title/tt1964418/?ref_=fn_tt_tt_1,English,USA,PG,190000000.0,2015.0,6.5,2.2
89,Color,Don Hall,384.0,102.0,Daniel Henney,222487711.0,Action|Adventure|Animation|Comedy|Drama|Family|Sci-Fi,Damon Wayans Jr.,Big Hero 6 ,279093,2963,Abraham Benrubi,high tech|martial arts|masked man|robot|superhero,http://www.imdb.com/title/tt2245084/?ref_=fn_tt_tt_1,English,USA,PG,165000000.0,2014.0,7.9,2.39
90,Color,Rich Moore,377.0,101.0,Sarah Silverman,189412677.0,Adventure|Animation|Comedy|Family|Sci-Fi,Jack McBrayer,Wreck-It Ralph ,272534,4451,Joe Lo Truglio,arcade|candy|glitch|king|medal,http://www.imdb.com/title/tt1772341/?ref_=fn_tt_tt_1,English,USA,PG,165000000.0,2012.0,7.8,2.35
91,Color,Robert Zemeckis,188.0,100.0,Eddie Deezen,665426.0,Adventure|Animation|Family|Fantasy,Tom Hanks,The Polar Express ,120798,16264,Peter Scolari,boy|christmas|christmas eve|north pole|train,http://www.imdb.com/title/tt0338348/?ref_=fn_tt_tt_1,English,USA,G,165000000.0,2004.0,6.6,2.35
92,Color,Roland Emmerich,286.0,120.0,Sela Ward,102315545.0,Action|Adventure|Sci-Fi,Vivica A. Fox,Independence Day: Resurgence ,58137,3233,Judd Hirsch,alien|battle|defense|independence day|mothership,http://www.imdb.com/title/tt1628841/?ref_=fn_tt_tt_1,English,USA,PG-13,165000000.0,2016.0,5.5,2.35
93,Color,Dean DeBlois,288.0,98.0,America Ferrera,217387997.0,Adventure|Animation|Family|Fantasy,Gerard Butler,How to Train Your Dragon ,485430,20453,Craig Ferguson,dragon|island|training|viking|village,http://www.imdb.com/title/tt0892769/?ref_=fn_tt_tt_1,English,USA,PG,165000000.0,2010.0,8.2,2.35
94,Color,Jonathan Mostow,280.0,109.0,M.C. Gainey,150350192.0,Action|Sci-Fi,Nick Stahl,Terminator 3: Rise of the Machines ,305340,1769,Carolyn Hennesy,drifter|exploding truck|future|machine|skynet,http://www.imdb.com/title/tt0181852/?ref_=fn_tt_tt_1,English,USA,R,200000000.0,2003.0,6.4,2.35
95,Color,James Gunn,653.0,121.0,Vin Diesel,333130696.0,Action|Adventure|Sci-Fi,Bradley Cooper,Guardians of the Galaxy ,682155,32438,Djimon Hounsou,bounty hunter|outer space|raccoon|talking animal|tree,http://www.imdb.com/title/tt2015381/?ref_=fn_tt_tt_1,English,USA,PG-13,170000000.0,2014.0,8.1,2.35
96,Color,Christopher Nolan,712.0,169.0,Anne Hathaway,187991439.0,Adventure|Drama|Sci-Fi,Matthew McConaughey,Interstellar ,928227,31488,Mackenzie Foy,black hole|father daughter relationship|saving the world|space travel|wormhole,http://www.imdb.com/title/tt0816692/?ref_=fn_tt_tt_1,English,USA,PG-13,165000000.0,2014.0,8.6,2.35
97,Color,Christopher Nolan,642.0,148.0,Tom Hardy,292568851.0,Action|Adventure|Sci-Fi|Thriller,Leonardo DiCaprio,Inception ,1468200,81115,Joseph Gordon-Levitt,ambiguous ending|corporate espionage|dream|subconscious|thief,http://www.imdb.com/title/tt1375666/?ref_=fn_tt_tt_1,English,USA,PG-13,160000000.0,2010.0,8.8,2.35
98,Color,Hideaki Anno,1.0,120.0,Shin'ya Tsukamoto,,Action|Adventure|Drama|Horror|Sci-Fi,Mark Chinnery,Godzilla Resurgence ,374,699,Atsuko Maeda,blood|godzilla|monster|sequel,http://www.imdb.com/title/tt4262980/?ref_=fn_tt_tt_1,Japanese,Japan,,,2016.0,8.2,2.35
99,Color,Peter Jackson,645.0,182.0,Adam Brown,303001229.0,Adventure|Fantasy,Aidan Turner,The Hobbit: An Unexpected Journey ,637246,9152,James Nesbitt,dragon|dwarf|hobbit|orc|wizard,http://www.imdb.com/title/tt0903624/?ref_=fn_tt_tt_1,English,USA,PG-13,180000000.0,2012.0,7.9,2.35
